名稱,英文名稱,學名,原產地,棲息環境,體長,適溫,敘述,建議食材1,建議食材2,建議食材3
蘇卡達象龜,Sulcata tortoise (African Spurred tortoise),  Centrochelys sulcata,   非洲大陸撒哈拉沙漠南端至紅海間各國.,   乾燥砂礫及莽原地帶.,   背甲60-75公分.,"   攝氏22-31度,可忍受至40度高溫.","蘇卡達象龜是世界上最大的大陸型陸龜.由於民國100年才開放合法進口,已經成為目前台灣最 炙手可熱的陸龜之一.雖然合法個體售價較高,但是合法物種畢竟不用在運送過程中多次轉口,耗費時日與體力,所以健康狀況都比從前走私個體好得多.
　
而蘇卡達象龜在幼龜時期就是體健力強,如果不考慮價格因素,倒是很適合新手入門飼養.但是養蘇卡達必須考慮空間問題,因為牠們生長迅速,一年大一倍是很平常的事. 對喜歡大龜的人來說 也是很理想的龜種.美國每年可繁殖出四十萬隻以上的蘇卡達供應國內外寵物市場,可見其廣受歡迎的程度.相對的,在原產地的野生蘇卡達數量可能只剩下2,000隻左右.已接近滅絕.目前蘇卡達已經被CITES列入零配額龜種,也就是說,蘇卡達野生個體已經無法合法輸出.童時在非洲塞內加爾 也成立人工復育中心,大量復育蘇卡達野放.
　
蘇卡達生活在沙漠邊緣地帶,有時終年不下雨,所以牠們很耐旱.通常都會挖地洞躲避酷熱和尋找濕氣.也經常把 沙
土撥到背上以降低體溫.當溫度超過四十度就會分泌大量唾液並抹在身上也是降低體溫.牠們很活潑也不怕生,進
入新環境可以立刻進食,適應力良好.只是需要較大的空間供牠們四處游走.基本上每隻龜都至少要有身長五倍以
上的空間才足夠.蘇卡達屬於沙漠型陸龜,所以需要大量的日照,夏天即使養在室外,如果無法接受到陽光照射,最好也要開保溫燈.只是開燈時間可以比冬天短一點.
　
飼養陸龜的原則是,適量餵食,食物越粗糙越好.牧草野草比蔬菜更適合,生長越慢越好.否則容易引起 消化道的問題.人工飼養的蘇卡達背甲多半會有隆背現象,但隨著成長會慢慢變為平緩.但如果動物性蛋白質攝取過多或生長過快都會造成背甲過度隆起如金字塔型,不但不美觀更會造成肝,腎臟負擔過重而產生病變.一般陸龜行動遲緩,新陳代謝及血液循環都很慢,過度餵食或成長 過快都會加快生理作用,長期下來一定會導至器官病變.尤其蘇卡達堪稱大胃王,對任何青菜或飼料一律狼吞虎嚥,所以必須注意節制.特別是在群養的時候更要注意個別進食量.
　
蘇卡達的雌雄辨別在成年前較困難,因為牠們尾部的差異不大,腹甲也未明顯凹陷,在幼龜期的判別準確度較低.而
蘇卡達要養到成年,至少需要七至八年時間.在野生環境下更需長達十年以上. 交配後雌龜會生下15-30顆以上的蛋,
每年約生產兩次,與豹龜一樣都可以算是多產的陸龜.也因此成為陸龜市場的主幹.",1,2,3
豹 龜,Leopard tortoise,Stigmochelys pardalis,非洲大陸東部及南部各國,乾燥莽原地帶,背甲40-60公分,攝氏22-30度,"
豹龜在非洲南部分佈很廣泛,族群也很多.而且還有兩個亞種.事實上在原產地並未達瀕臨絕種的地步.幼龜的花紋與成龜大不相同.但是都很美麗. 在美國也是入門龜種.而在台灣卻比較難養,特別是5公分以下的幼龜.死亡率不下於星龜.主要可能與豹龜的高纖食物與環境乾燥度有關.
　
兩個亞種分別是東部豹龜S.p. babcocki,和西部豹龜S.p. pardalis.東部豹龜分佈最廣,遍及整個非洲東部由蘇丹一直向南延伸到南非;而西部豹龜就只分佈在南非境內的西部地區和納密比亞南部.一般人直接以東非豹與西非豹來稱呼是有點失真的.兩者的區別在幼龜比較容易,東部豹龜背甲上每個甲塊中只有一個黑點或沒有黑點,而西非豹龜的甲塊中則有兩點以上的黑點.至於成龜就比較難分辨,主要要看背甲的高低.東部豹龜的背甲長度通常是高度的兩倍;而西部豹龜的背甲長度則是高度的兩倍半,換句話說就是龜背甲比較高聳而西非豹龜背甲比較低緩.
　
根據近年的實地研究,東非豹龜其實應該還有一個亞種尚未被正式命名,牠的體型相當巨大,可以長到80公分以上,比一般豹龜大上一倍,甚至比蘇卡達還要大,國外稱為索馬利亞巨人豹龜(Giant Somalia Leopard Tortoise).也有人說是蘇豹雜交的個體,在外形上看來還真的很像.蘇卡達的底色加上不很明顯的豹斑,或許是真的雜交個體.只是目前尚無法證實,只能證實族群很大,應該是一個固定的種類,但還需要經過學術上的確認.
　
豹龜和牛羊一樣是以啃食雜草為主,因此比其它陸龜更需要高纖維食物,如果只餵食一般蔬果,豹龜的糞便會較為濕 軟,相對味道也較重,長久下來容易出現腸胃問題而拒食致死. 所以必須多供應野草,牧草等草料.一些老手多半餵食仙人掌,也是很理想的食物.
　
在美國,豹龜多養在庭院中以雜草為食,飼養情況大都良好,死亡率低且繁殖率高.另外就是濕度的問題,豹龜需要極其乾燥的環境,台灣過高的濕度對豹龜的呼吸道而言是一種異常的狀況,很容易引起感染或是過敏,表現出來的徵狀就是流鼻水和拒食.所以最好飼養10公分以上的個體 適應力比較強也比較容易進行治療.
　
非洲龜類都需要大量日照,所以儘可能養在室外,但要提供遮陰處所及飲水. 豹龜的雌雄辨別在幼龜時也不很明顯.需長到20公分以上比較能確定.因為這種尺寸已算成年. 一般而言,象龜科的陸龜雄性都大於雌性.雌龜也能產下10-30顆蛋,孵化期90-150天不等.依孵育的溫度和環境而定.幼龜需5-8年才能長成.台灣目前尚未有繁殖的記錄.因為能養到成年的豹龜實在並不多見.現在開放合法進口之後,應該很快就有機會見到繁殖成功的消息.",1,2,3
餅乾龜,Pancake  tortoise,Malacochersus tornieri,非洲大陸東部的肯亞及坦尚尼亞.,沙漠邊緣多岩石山坡地帶.,背甲15-18公分.,攝氏24-30度.可忍受12度低溫,"不論從外型或是個性上來看,餅乾龜都不像陸龜.龜殼扁平有如被踩過一樣,受驚時也不像一般陸龜縮入殼中,而是拼命逃入縫隙中躲藏.在陸龜中牠們算是異數. 餅乾龜是所有陸龜中行動最敏捷的也是最會攀岩的高手.在原產地牠們可以輕易爬上懸崖峭壁.飼養這種陸龜的場所一定要注意防逃措施.
　
即使是成龜,餅乾龜的外殼仍然保持與幼龜同樣的柔軟和彈性.所以 牠們可以擠進比身體小的縫隙,然後撐起外殼上下頂住,任何動物都無法將牠們拉出來.在飼養場所也必須準備岩塊堆供牠們攀爬躲藏.
　
餅乾龜也算是比較好養也比較容易繁殖的陸龜,但是幼龜較易受迫拒食.為完全草食性,除雨季外很少有水喝,所以牠們的水份主要來自食物.雌龜每次只下一個蛋,但在3-4個月間可以下多次蛋.受精機率較低.目前肯亞已 經禁止輸出,坦尚尼亞也嚴加管制,所以近年來已有專業養殖者出現.現在一般市面上見到的幾乎都是野生個體為主.在產地收購價一隻只合台幣20元不到.產地蒐集的餅乾龜 通常要等上2-3個月才會出口,所以野生龜類剛進口時狀況都比較差,死亡率也很高.比較容易出現暴斃的現象.購買時須仔細檢查,以免遭受損失.
　
雌雄的辨別很容易,雄龜尾巴粗大,雌龜尾巴短小.台灣多年以前就有繁殖成功的紀錄,那可能也是台灣最早的陸龜繁殖紀錄.",1,2,3
荷葉陸龜 ,Home's Hingeback tortoise,Kinixys homeana,非洲大陸西部各國.,熱帶雨林地帶.,腹甲15-20公分.,攝氏24-27度.,"摺背龜屬總共分為六個種類,最常見的就是荷葉陸龜(K. homeana)和鐘紋陸龜(K. belliana),其他還有鋸齒摺背龜(K. erosa),,壘包陸龜 (K. natalensis).還有較為少見的K.  lobatsiana與K. speki. 全部棲息在非洲大陸,本屬共同的特徵就是
在背甲後半部 都有關節可以摺合.在所有龜類來說都是很獨特的.摺背龜中以鐘紋陸龜的分佈最廣和數量也最大.算是摺背龜的代表龜種.體型和體色 雖然都不相同.因為並不出色,所以在台灣數量較少.
　
早期進口的摺背龜當然是以鐘紋陸龜為大宗,也有繁殖出仔龜的記錄.但是在陸龜開放後,鐘紋陸龜因為和蘇卡達,豹龜一樣扁蝨寄生蟲較多,而未列入開放的名單,導致目前市面上見到的摺背龜反而是以荷葉陸龜為主.荷葉陸龜與鋸齒摺背龜外型十分類似,很容易誤認,最大的分別就 在於荷葉陸龜的背甲末端是呈現九十度的 直角下
削,而鋸齒摺背則是平緩的圓弧狀,稍加注意並不難分辨.
　
荷葉陸龜雖然是陸龜,但是在環境與食性上卻與其他非洲陸龜大不相同,比較類似紅腿的習性,是標準的雜食性陸龜,蛋白質食物的需求比較高,舉凡蔬菜,水果,野草,蝸牛,甲蟲等都是照吃不誤.應該以水果為主食.牠們同時也需要非常高的濕度,至少要有80-90%.最好早晚洒水.水盆是不能少的要件.荷葉陸龜生性膽怯,很容易受迫而 拒食,尤其是剛進口的新龜.台灣進口的個體多半是野生成體,但是仍然大多難逃拒食致死的命運.基本上摺背龜都不適合初學者飼養,屬於難度較高的龜種.
　
雖然荷葉陸龜分佈在非洲,可是牠們卻不喜歡太強的光線,飼養場所需有較大面積的遮陰處.摺背龜 絕大多數是由野外採集而來,很容易感染體內外寄生蟲,驅蟲工作必須要做好.只要 荷葉陸龜能夠適應新的環境,要繁殖及孵育牠們並不是困難的事.
　
雌雄的辨別仍然以尾巴為主,粗大的是雄龜,尾巴細小的是雌龜.雌龜通常每胎可以產2-4顆蛋,一年可以產卵2-3次,在30度的溫度下孵育110-130天可以孵化.",1,2,3
幾何星叢龜,Geometric tortoise,Psammobates geometricus,"南非, 西南非",乾燥沙質莽原地區.,背甲15-24公分.,攝氏18-30度.,"星叢龜是極少數幾種CITES I 保育類的陸龜.共有三個種類以及三個亞種:
　
幾何星叢龜 Geometric Tortoise (Psammobates geometricus)
鋸緣星叢龜 Serrated Tortoise       (Psammobates oculifera)
帳篷星叢龜 Tent Tortoise             (Psammobates tentorius) 有三個亞種P.t. tentorius, P. t. verroxii, P.t. trimeni.
　
三種都有略為不同的星狀花紋,和印度星龜十分神似,只是體型比較嬌小.台灣也有人稱之為非洲星龜.
　
其中數量最少,分佈區域也完全集中在南非的自然保護區中的就是幾何星叢龜.所以只有這種被列為一級保育.牠們的背甲邊緣沒有鋸齒狀凸出,可以和其他兩種區分開,其他兩種分佈區域比較廣大,可以達到西南非.近年來南非保育人士已經開始研究幾何星叢龜的生活狀態,在龜甲上植入無線發信器以追蹤牠們的蹤跡.
　
星叢龜都只能適應溫暖乾燥的環境,如果暴露在潮濕的環境中,很容易感染呼吸道疾病,這一點與印度星龜也類似,同時龜甲也容易感染爛殼症,底材最好使用乾燥的沙質底材,在人工飼養下,星叢龜很難活過一年以上,屬於難度很高的龜種,溼度的控制最為重要.其中只有帳篷星叢龜比較能夠適應人工環境,牠們在野外依賴粗草及沙漠植物為生,所以在人工環境中的食物以較粗糙的葉菜或野草為主,加上小黃瓜,蘿蔔,番茄,南瓜等瓜果類.在溫度過低時,星叢龜會冬眠,但在過高的氣溫下,牠們也會夏眠,不吃不動.由於南非地處南半球,所以龜龜冬眠的時節反而是台灣的夏天.這種時差可能也是星叢龜不易適應的原因之一.
　
雄龜腹甲凹陷,尾部粗大,雌龜每窩可產下12-15顆蛋,十分多產,幼龜大約3公分長.幾何星叢龜是三種星叢龜中體型最大的,可以達到20公分以上,其他兩種都不超過15公分.而帳棚星叢龜因為花紋變異大,因此又可以分出三個亞種.十分容易混淆.不過在寵物市場上因 根本難以見到,所以也沒有這方面的顧慮.",1,2,3
鸚嘴龜,Parrot-beaked tortoise (Common Padloper tortoise),  homopus areolatus,   南非,   多岩沙漠地帶.,   背甲9-12公分.,   攝氏15-30度.,"鸚嘴龜是所有陸龜當中體型最小的一種.甚至比餅乾龜還要小上一號.不過習性卻與餅乾龜十分類似,牠們平常都在多岩石的區域活動,只要受到驚嚇就立刻躲入岩石縫中,或是岩石底下.鸚嘴龜屬(Homopus)共有五個種類,分別是:
　
普通鸚嘴龜 Homopus  areolatus
斑點鸚嘴龜 Homopus signatus signatus / -- 細點鸚嘴龜Homopus signatus cafer
卡魯鸚嘴龜 Homopus boulengeri
伯格鸚嘴龜 Homopus bergeri
大鸚嘴龜     Homopus femoralis
　
其中只有斑點鸚嘴龜有一個亞種細點鸚嘴龜(H. signatus cafer).這五種鷹嘴龜全部都分佈在南非的角省,可以想見棲地一定很狹小.也是南非的特有龜種.在寵物市場上鸚嘴龜數量極少,又以普通鸚嘴龜比較常見,其次就是斑點鸚嘴龜.這兩個種類也是比較能夠適應人工環境的種類.其他三種都幾乎未曾出現過,也幾乎無法在人工環境下 存活.
　
鸚嘴龜對於食物的需求十分特殊,除了原生地的特殊耐旱植物以外,很難適應人工環境下的一般蔬果食物,所以在食物的選擇上會很棘手,最好以仙人掌類的食物為主食,小黃瓜是替代食物,其他食物如胡蘿蔔,南瓜,葉菜類等就必須一樣一樣試,找出牠們比較喜歡的食物,否則要養好鸚嘴龜是十分困難的.牠們十分耐乾旱,因此飼養的環境必須保持非常乾燥.底材以乾燥爬蟲沙或 赤玉土為主.要多佈置岩塊供牠們棲息.還要放置水盆供飲用,此外飼養缸要注意蓋好,鸚嘴龜也是爬牆高手,身手矯健,很善於脫逃.
　
雌雄辨別並不困難,雄龜尾巴粗長,雌龜則圓短.特別的是普通鸚嘴龜的鼻尖在繁殖期會變紅,下巴也會略帶紅色.雌龜每年產卵一次,每次產卵1顆,在28-30度之間約115天孵化,時間較一般龜種長很多.初生幼龜大約長3 公分.基本上鸚嘴龜的飼養難度很高,尤其是幼龜,只適合老手飼養,但是死亡率還是很高.所以要購買這種高價龜種,最好三思而後行.",1,2,3
埃及陸龜,Egyptian tortoise,   Testudo kleimanni,"    埃及和利比亞,以色列",    沙漠地帶,    背甲12-15公分,    攝氏17-24度,"埃及陸龜 也屬於地中海陸龜家族成員之一,也可以算是家族中最脆弱,飼養難度也最高的種類.在環境或飲食上的些微改變都可能造成受迫死亡.對病菌抵抗力更差,因此 最好不要與其他龜類混養.專家們對這個種類也所知有限.直到近幾年才逐漸有專業的研究計劃在進行中.在2001年間,分佈於以色列南部納吉夫地區的埃及陸龜被獨立出來成為一個新品種,也就是納吉夫陸龜Negev Tortoise(Testudo werneri),牠們的腹甲並沒有埃及陸龜所擁有的兩個三角形黑斑.目前這兩種都屬於CITES I級保育類動物.
　
由於生活在地中海氣候區,牠們比較適應乾燥涼爽的環境.若氣溫超過攝氏30°,活動力就會降低.在冬季很活躍,
在夏季溫度超過30°可能會進入夏眠狀態.埃及陸龜主要以野草(如百慕達草)與落花為食物.所以儘可能餵食高纖維草料及木槿花等.不可餵食動物性食物 或餵食過量.有許多養殖計劃都因為餵食過量而失敗.值得注意.
　
在台灣夏天高溫的情況下並不適合飼養埃及陸龜.除非有降溫的環境,冬天氣溫15°以上不用保溫設備會更適合牠們.雌龜通常大於雄龜,交配時雌雄龜同時會發出很大的低吼聲,十分特別.雌龜每次可以產下1-3顆蛋.在30-31°間約8-9週可以孵化.
　
埃及陸龜在台灣 十分少見所以售價甚至高於幅射龜數倍,以這種迷你龜種而言,可算是身價不凡.但是,在埃及
首都開羅的市場上,有整籮筐的埃及陸龜叫賣,幼龜每隻只賣5埃及鎊,也就是合台幣50元.確實讓保育人士嘆息不已.有趣的是,開羅美國學校為了教導保育觀念,在教室頂樓養了150餘隻埃及陸龜,每位八年級生都必須照顧一隻.正是最好的生物教材.",1,2,3
挺胸龜,Angulate (Bowsprit) tortoise ,  Chersina angulata,   南非及那米比亞南部,   海岸草原地帶,   背甲13-20公分,   攝氏22-30度,"挺胸龜在陸龜中是屬於中小體型的龜種,因雄龜胸甲特別的突出而得名.這 種胸甲是專門用來在繁殖期與其他雄龜爭奪雌龜的武器.可以用來將對手掀翻.雄龜有很強的領域性.而且一般都比雌龜大.所以最好不要將兩隻以上的雄龜養在一起.被掀翻的雄龜很難再翻身,時間過長會造成脫水及呼吸困難而死.同時這種龜也很 膽怯,比較容易受驚.在飼養時要盡量避免無謂的抓取.適應期也很長.至少需要2-3個月的時間才能習慣人工的環境和人類的接觸.
　
挺胸龜在日本很受歡迎,但是因為個體數量稀少,因此單價極高,台灣近年有幾隻不錯的個體進口,單價都在六位數,所以有能力又有意願飼養的人非常有限.這些個體雖然飼養難度不算高,但是還是需要小心照顧,因為飼養條件還不是很明確.之前進口的個體現在恐怕已所剩無幾.最近直接由南非進口不少的幼龜,價格因此也下降很多.
　
比較特殊的是牠們喝水是經由鼻腔而不是口腔.牠們也需要很乾燥的環境,否則龜甲很容易因細菌感染而腐爛.需經常檢查龜甲是否完整.挺胸龜的食性與豹龜很相似.是完全素食的.對蔬果的接受度頗高.
　
在2000年1月間,南非西岸國家公園(West Coast National Park)及附近地區發生森林大火,據推算有100,000-280,000隻
挺胸龜被燒死.這對南非的龜類保育來說是一大打擊.也重創了挺胸龜的野生族群.
　
在繁殖期中,雄龜會咬雌龜的後腳,雌龜通常在八月間產卵,每窩只產一顆蛋,偶而會產兩顆.在野外的孵化期較長,
通常在180天以上.人工孵化的話時間會比較短.但到目前為止,還沒有人工繁殖的個體出現.而現行CITES II保育類而言,每年都可以有少量的配額野生個體由南非出口至世界各地.",1,2,3
加拉巴哥象龜,Galapacos tortoise,  Geochelone nigra,   厄瓜多爾的加拉巴哥群島,   灌木草原地帶,   背甲60-125公分.,   攝氏22-30度.,"加拉巴哥群島因為達爾文的進化論研究而聞名.共由十四個火山島組成.每個島上的加拉巴哥象龜都自成一個亞種,所以牠們的亞種也有十四種,每種的外型都不大一樣.但有四種左右的亞種早已在十九世紀絕種,還有一個產於Pinta島的亞種全世界只剩最後一隻,也就是著名的""孤獨喬治""(lonesome George).達爾文中心 為他安排鄰近島嶼的雌龜與牠交配,但牠的生殖能力似乎已經退化,一直未交配成功.所以除非有預算用複製DNA的方式,否則喬治將註定孤獨一生.牠被飼養在Santa Cruz島上的達爾文研究中心直到2012年6月24日死亡為止.1959年起,加拉巴哥群島已由厄瓜多爾政府劃定為國家公園開放觀光.
　
成年的加拉巴哥雄龜體長可以超過120公分,體重超過250公斤.雌龜體型較小,大都在60公分至100公分之間.要養到20年以上才能成年.牠們以各種高纖維植物為食,壽命極長,可以超過百年.每到夏季,牠們便移往山頂避暑,到雨季時又回到 山腳平地區.
　
台灣目前已經出現加拉巴哥幼龜的蹤影,價格當然也是六位數.但是多數是亞達伯拉象龜或雜交龜所冒充,木柵動物園倒是有幾隻成龜.牠們是CITES一級保育類動物.其實以牠們的體積而言,並不適合當做寵物飼養.美國地廣人稀,在佛羅里達州有小量養殖.所以幼體在美國是不難見到的.
",1,2,3
亞達伯拉象龜,Aldabra tortoise,  Geochelone gigantea,   亞達伯拉群島,   草原灌木林沼澤地帶,   背甲90-130公分.,   攝氏24-32度.,"                                                                            
亞達伯拉象龜原生於印度洋的亞達伯拉群島,此群島由四個珊瑚環礁小島組成,位於非洲東岸馬達加斯加島的北方.這個區域曾經分佈有18種象龜,但在18-19世紀間大量滅絕而只剩下唯一的亞達伯拉種.這也是第一隻受國際保護的陸龜.目前是CITES II級保育類,也是世界上最大最長壽的陸龜.目前在群島中的聖母島(Assumption)上有一個人工移入的族群已成為觀光景點.
　
亞 達伯拉很能適應人工養殖的環境,食物與豹龜,蘇卡達類似,任何植物類食物都能接受,個性溫和.但是飼養這種龐然大物一定要有足夠的空間規劃.一般來說,飼主在個體大於30公分的時候,就常常因空間無法容納而必需被迫放棄,也是十分可惜的事.在氣溫高時牠們很喜歡浸泡在水窪或沼澤中降溫,所以水池也是不能缺少的設施.
　
雄龜可長到130公分以上,重達250公斤,只有用吊車才能移動牠.雌龜較小約90公分,這種體積的動物排 泄量也是大的驚人.兩性分開飼養,繁殖的效果會比較好.雌龜可產下9-25顆網球般大的蛋,約98-200天孵化.,體健好養可以忍受攝氏15°以下低溫.
　
台灣近年也有少量引進幼龜,自從陸龜開放後,合法的幼體和成體都已經陸續進入國內,在國內算是很受歡迎的常青龜種,.",1,2,3
輻射龜,Radiated tortoise,   Geochelone radiata,   馬達加斯加島,   乾燥 灌木林區,   背甲40公分.,   攝氏22-30度.,"馬達加斯加島位於非洲東岸.島上存在四種稀有的陸龜,幅射龜便是其中之一.雖然野生的幅射龜數量由於棲息地的破壞與原著民的捕食而呈現下降的趨勢,但是據專家估計,野外族群的數量還有一千萬隻以上.雖然列名CITES一級保育類,在 當地和東歐也都有專業養殖場,但市面上所見的個體仍然絕大多數是野外採集的個體.近年來儼然成為在寵物市場的主流龜種,價格也越趨合理.
　
輻射龜也是在龜殼上有星紋的龜類當中體型最大的龜種.可算是最漂亮的陸龜.體健好養,有人更稱之為 ""有錢人的蘇卡達"".在日本十分受歡迎.台灣在2000年開始大量引進,至今國內應該已經有上千隻之譜了.不過初期進來的輻射龜都是花紋較少的所謂黑幅,體健耐寒,抗病力較強,成長速度較快,而後期進來的幾乎都是花紋較華麗的所謂太陽幅,與黑幅比較起來,太陽幅對疾病和較低的溫度的抵抗力較低,所以死亡率比黑幅高很多,生長速度也 相對較慢.黑幅因為食量奇大,成長速度也快很多,缺點就是也比較會隆背.
　
在飼養上並不困難.食量大,成長快速.龜性活潑.需要較大量的飲水.值得一提的是,在多數龜類中,幅射龜可說是最乾淨的陸龜,不但排洩量少且無臭味.尾部也 比較不會有任何殘留.很容易打理.雄龜必須長到30公分以上才能成功的交配.雄龜尾部相對較長,雌龜較短;雄龜腹甲前端也會比雌性突出.雌龜可產下3-12顆蛋.而孵化期較長,為145-230天不等.馬達加斯加島的陸龜似乎對水果類食物如蘋果,香蕉等接受度更高於蔬菜.成龜每週可餵1-2次水果.不可過量.
　
值得注意的是馬達加斯加位在南半球,所以冬季和夏季的月份是與台灣相反的,冬季乾冷,由六月至八月,龜龜多半處於蟄伏狀態;而夏季溼熱,由12月到2月,也是當地龜龜最活躍的季節,所以正確的說,馬島的龜龜並不是一年四季都在進食成長的,其實是只有3-6個月的活躍期.輻射龜的分佈區域氣溫由七月的最低溫約15度左右到二月的最高溫約33度左右,基本上是很接近台灣的氣候型態,這也難怪輻射在台灣養起來狀況特別好.只是因為季節相反,如果新進的龜龜出現蟄伏或是厭食的現象有時候就是因為產地季節不同的關係.
　
在金氏世界紀錄中,壽命最長的一隻龜正是輻射龜,那是英國庫克船長在西元1777年送給東加王國國王的一隻輻射龜,牠活到1965年才壽終正寢,足足活了188歲,這也是經過證實的一隻最長壽的陸龜了.",1,2,3
安哥洛卡象龜,Angonoka (Ploughshare) tortoise,  Geochelone yniphora,   非洲馬達加斯加島,   乾燥草原地帶,   背甲43公分.,   攝氏22-30度.,"位於非洲東岸的馬達加斯加島是世界第一大島,也孕育了無數的特有種動物,島上陸龜就有安哥洛卡 象龜,幅射龜,蛛網龜和平背蛛網龜四種之多,而且這四種都相繼被列為CITES一級保育真可以說是得天獨厚.
    
安哥洛卡龜(Angonoka)是當地人取的名稱,英國人稱之為犁頭龜(Ploughshare)因為牠們的胸甲延伸凸出有如犁頭.在原生地數量只剩下不到1000隻,人工繁殖也只限於少數保育組織,可以算是最稀有的陸龜.國內外市場上都難得一見.當地人對這種龜也特別尊重,不敢任意傷害.
　
由於島上並無天敵存在,牠們通常並不挖洞棲身,只會躲藏於草叢或灌木叢下.雄龜大於雌龜,雌龜每窩下3-6個蛋,一季產4-5次.要經過170-300天才能孵化.國內在 近年來國內陸續進口了將近十隻人工繁殖的幼龜,售價當然奇高無比,只是其中恐怕超過半數都已陣亡.因為幼龜生性孤僻,對環境變遷十分敏感,對食物的種類也十分挑剔,雖然抗病力與輻射龜相差無幾,但是卻比較容易因緊迫而拒食,沒有陸龜飼養經驗的人切勿嘗試這種天價龜種.基本上 站長也不鼓勵飼養這種稀有龜種,因為牠們 是真正面臨絕種的危機,不像輻射龜在野外還有數以百萬計的數量.",1,2,3
蛛網龜,Spider tortoise,"  Pyxis arachnoides
",   馬達加斯加島,   乾燥灌木林丘陵地帶,   背甲12-15公分.,   攝氏13-29度.,"蛛網龜因為花紋神似蜘蛛網而得名.在陸龜中這是唯一一種胸甲有關節可以摺合的種類.依腹甲的花紋及胸甲的可摺合程度又分出三種亞種,另外還有一種稱為平背蛛網龜或稱扁尾龜的亞種已經獨立成為一個新 的品種Pyxis planicauda,區分如下:
　
1.Pyxis arachnoides arachnoides, 腹甲無斑紋,可以完全閉合.
2.Pyxis arachnoides oblonga, 腹甲有散佈的黑斑,可以完全閉合.
3.Pyxis arachnoides brygooi, 腹甲無斑紋,也無法完全閉合.
4.Pyxis planicauda 腹甲有黑斑,但無關節,不能閉合,背甲也較為扁平.
　
背甲花紋變異極大.由於體型不大,所以 以前市面上看到的多半是成龜.但近年進口的都是幼龜.基本上,蛛網龜幼龜是非常敏感而膽怯的龜類,越少驚動牠們越好.幼龜拒食比例頗高,感染疾病死亡的比例也高於五成,需要比較小心的照顧.成龜就顯得比較活潑,食量也比較大.早期一些合法進口的成龜甚至可以當做蘇卡達養,十分強健.少部份個體花紋會隨著成長而擴張,底色也會轉變為偏黃化的體色,國外稱之為高黃蛛網龜(high yellow),這種情況出現在承名亞種P.a. arachnoides比較多.
　
由於牠們的棲息地集中於馬島西南部近海岸的乾燥區域,與輻射龜的分佈區域有部份重疊,所以相當適應較高的濕度(75%).雖然也是草食性但可以餵食較多的水果類及少許動物性食物.比其它陸龜更偏向雜食性.洋菇類食物是牠們很喜愛的食物.在棲息地溫差很大所以可以忍受10度以下的低溫與40度以上的高溫.要養好這種龜最好要有比較大的日夜溫差.同時這個龜種以室外 飼養較為適合,因為蛛網龜必須要有天然陽光才能表現出較為正常的活動.
　
而扁尾龜習性與蛛網類似,但好像更偏愛動物性食料如麵包蟲及蝸牛或蛞蝓等軟體甲殼類動物.扁尾龜已經在2002年被改為CITES I 的保育類其他的三個亞種蛛網龜也在2003-2004年相繼被改列為CITES I級,所以將來能見到的合法個體恐怕將會越來越少.
　
蛛網龜的成長比一般陸龜慢得多,依照站長的經驗,一年成長不到0.5公分,一方面是因為食量較小,一方面也是因為體型比較小,因此幼龜需要至少五年以上才能成年.而雌龜每年通常只產卵1次,每次只產一顆,所以在繁殖上難度會比較高一點.至於雌雄的分辨與一般陸龜類似,主要以尾巴來分辨.飼養蛛網龜的基本原則就是充足的陽光和穩定的環境,儘可能也要避免與他種陸龜混養,這樣飼養成功的機率將會大幅的提高.",1,2,3
紅腿象龜,Red footed tortoise,  Geochelone carbonaria,   中美洲巴拿馬至南美洲阿根廷,   草原與森林地帶,   背甲30公分.,   攝氏21-31度.,"紅腿象龜因為前腿滿佈紅色的鱗片而得名.牠們在陸龜中算是比較會認得飼主的一種.體健活動力強,比較能適應台灣的濕熱氣候.很容易飼養,可以做為入門龜種.但是初生的幼龜死亡率一樣很高,要避免5公分以下的幼龜.只要有6-7公分以上就 會好養多了.在中南美洲分佈很廣.美國佛洲有一些養殖場,不過還是得從南美洲國家進口才能滿足市場的需求.
　
近年來逐漸流行產於巴拉圭的紅腿種類名為櫻桃紅腿(Cherry head red footed tortoise),體型不超過25公分,所以也有人稱為侏儒紅腿.頭部呈現櫻桃紅色,遠較一般紅腿鮮豔,在日本人氣很旺,台灣也有不少.櫻桃紅腿與普通紅腿 的飼養難度和死亡率都類似.普通紅腿最大的特徵就是雄龜成年後體型拉長而腰部會內縮,整個龜殼變成葫蘆型,雌龜也一樣不過較不明顯.牠們屬雜食性,偶而吃些軟體甲殼類動物.幼龜對於蟋蟀或麵包蟲也非常喜愛.食性偏向雜食性,需要動物性蛋白質,喜愛水果類食物,一般葉菜,葫蘿蔔等都能接受.在野外是棲息於森林及灌木叢區域,需要較高的溼度,但是也有 分佈於乾旱地區的紅腿,因此紅腿象龜的耐旱會力比黃腿象龜高.
　
紅腿是標準的象龜,雄龜大於雌龜,頗為多產,一年四季只要溫度夠就能交配產卵,所以每年都可生2-3窩蛋.每窩蛋在3-8顆,較大的雌龜更可以產下10-15顆蛋.在攝氏29.5°約150天可以孵化.幼龜雌雄都有.如果以攝氏31°以上孵化則幼龜將都是雌性.若在28°以下孵化則幼龜多為雄性.爬蟲類多有由溫度決定性別的傾向.台灣在前幾年已經繁殖普通紅腿象龜成功,站長也在2004年成功繁殖出櫻桃紅腿象龜,由此可見紅腿象龜是一種適合大量繁殖的陸龜.",1,2,3
黃腿象龜,Yellow Footed tortoise,  Geochelone denticulata,   中美洲巴拿馬至南美洲阿根廷,   濕潤森林地帶 ,   背甲40-60公分.,   攝氏21-30度.,"
基本上黃腿象龜與紅腿象龜的習性,飲食與繁殖等都極為類似.雙方的差異僅僅在於體型與體色上.體型上黃腿大得多,但體色則是紅腿較鮮豔.由於棲息區域與紅腿互相重疊,所以市場上只見紅腿少見黃腿.黃腿象龜所需的溼度比紅腿更高,更不喜歡日曬.尤其在幼龜期溼度的控制十分重要.飼養難度與紅腿差不多,也是 滿理想的入門龜種.只是黃腿因為數量較少,價格要比紅腿高出許多.
　
雖然目前黃腿並沒有亞種,但是在分佈區的密林中卻存在著一種體型巨大的黃腿象龜,體型比一般黃腿大上近一倍,體色黯淡,但是還是看得出黃腿的特徵.到底是新的亞種,還是只是老成的成體,尚未確定.當地人都稱之為巨人黃腿.
　
黃腿以雜草,漿果,落果和動物屍體為主食.在人工環境下可以水果蔬菜為主,每週餵食1-2次麵包蟲或水龜飼料等動物性食餌,對於牠們的健康成長會有助益.牠們可以活上50-60年.雌龜每窩產4-8顆蛋,每年可以下蛋3-4次.經5-6個月可以孵化.要達到成年需要8-10年的時間.由於紅,黃腿象龜在南美洲都有專業繁殖場,因此台灣進口的多半是人工繁殖的幼體和亞成體.",1,2,3
阿根廷象龜,Chaco (Argentine) tortoise,  Geochelone chilensis,   阿根廷及巴拉圭的Chaco地區,   乾燥草莽地帶,   背甲25-35公分.,   攝氏23-32度.可忍受0度低溫.,"阿根廷象龜 的學名稱為智利陸龜,其實是地理認知上的錯誤,因為牠們分佈在智利的族群很少,只是當初1870年Gray首次在Mendoza地區發現牠們時誤以為那是智利的領土而錯誤的命名為智利陸龜.阿根廷象龜 近年來已經穩定進入台灣市場,不過似乎並未造成流行,也許是體色過於類似蘇卡達,而價格卻高很多的緣故.在美國數量也不多.
　
阿根廷象龜與紅,黃腿象龜有親戚關係.但最近耶魯大學的研究顯示,牠們很可能是加拉巴哥象龜最近的血源親戚.幼龜極為類似蘇卡達,只是背甲較寬,邊緣較為上翹.隨著成長,體色 會趨於黝黑.基於分佈地區的不同,阿根廷象龜在體型和體色上還是有所差異的.
　
牠們以野草和葉菜類為主食.水果也可少量餵食.牠們也是少數能夠接受兔子乾草飼料的龜種.由於阿根廷象龜 對溼度非常敏感,所以底材以乾燥的乾草或赤玉土最適合.雖然飼養難度不高,但是牠們很容易感染疾病,所以最好不要與他種陸龜混養.牠們也很常發生隆背或是齒板生長過快的情形,所以為食量要控制得當,另外可以餵食鈣塊,烏賊骨或是未泡水的陸龜飼料來增加消磨齒板的機會.
　
阿根廷象龜的雌雄辨別比較困難,因為牠們的尾巴都很粗短,不過仔細比較肛門到尾尖的距離還是可以分辨出來雄性比較長.雌龜殖率很低,每窩只產2-5顆蛋,而孵化期卻可長達4-12個月.曾有記錄顯示最長的孵化期竟然 長達15個月.台灣進口的阿根廷象龜絕大部份是體色最明亮的個體,所以長大後也很像扁平狀的安哥洛卡象龜,還是有牠們獨特的韻味.",1,2,3
佛州地鼠陸龜,Gopher tortoise,   Gopherus polyphemus,"    美國佛州,南卡羅萊納至路易西安納州之間",    草原至森林區之間的沙質地帶.,    背甲23.5-36.5公分.,    攝氏15-25度.,"佛州地鼠陸龜是美國分佈最廣也是最普遍的地鼠陸龜.本地一般稱做哥法陸龜,地鼠陸龜因為天生會如地鼠一樣鑿地洞躲避陽光或酷寒而得名.地洞有時可以長達十多公尺而且深達三公尺以上,也經常與響尾蛇共用地洞,因此捕蛇人只要找到地鼠陸龜的洞穴就可以找到響尾蛇,佛州地鼠陸龜幼龜時期體色近似蘇卡達, 但長成後體色趨於黯淡並不出色,早年也曾進入台灣,但自列入美國保育類後便不多見了.
　
地鼠陸龜共有四種,美國國內有三種分佈,除本種外還有沙漠地鼠陸龜(Gopherus agassizii),分佈於加州和內華達州之間的沙漠地帶,延伸到墨西哥境內,體型與佛州地鼠陸龜相當,但體色稍微有變化,每塊背甲甲盾中央呈現黃色,周圍則是深棕色;另一種則是德州 地鼠陸龜(Gopherus berlandieri)主要分佈在德克薩斯州到墨西哥之間地帶,體型比其他兩種小得多,約11.5-22公分長.第四種是數量最為稀少的地鼠陸龜,只分佈在墨西哥境內一個狹小區域的墨西哥地鼠陸龜(Gopherus flavomarginatus),這是唯一CITES I保育類的地鼠陸龜.
　
美國的地鼠陸龜因為數量很多,曾經大量被捕捉做為寵物出售,但絕大多數都活不過幾個月,因為野生地鼠陸龜都不容易適應人工環境的飼養.或許與特殊的生活習性有關.特別是沙漠地鼠陸龜喜歡棲息於長葉松林地,除一般草葉外並以長葉松的松葉為 主食,是較為特殊的食物.目前美國民眾可以經過正式申請免費收養地鼠陸龜.如果非法持有或買賣,經查獲會被處50,000美金的罰鍰或坐牢一年,這種嚴刑峻罰也讓地鼠陸龜和美國其他保育龜種受到很好的保護.
　
地鼠陸龜的腹甲前端突出超過背甲,雄龜腹甲凹陷,,雄龜大於雌龜,一般要十五年到二十年才能成年,多 數在春天三,四月間交配,在五月至七月間產卵,每次產下2-7顆卵,大約在八至十月孵化,沙漠陸龜產卵數較多,可以產下十二顆以上的卵.但一般而言,地鼠陸龜的孵化率與長成率都很低, 在野外大約只有 2-3%的幼龜能夠長大成龜,所以即使有立法保護,地鼠陸龜的野生族群增加的速度 還是很慢的.台灣近來已經有德州陸龜進口,由於數量稀少,單價也是高不可攀.",1,2,3
德州地鼠陸龜 ,Texas tortoise,   Gopherus berlandieri,    美國德州南部與墨西哥東北部,    草原沙漠地帶,"    背甲16-20公分
",    攝氏25-32度,"德州地鼠陸龜是四種地鼠陸龜中體型最小的一種.通常棲息在遍佈仙人掌及耐旱植物的沙漠地區.牠們也是地鼠陸龜中比較不傾向挖掘洞穴的一種.不是利用其他動物的洞穴就是直接棲身在樹叢下的淺坑.牠們與其他地鼠陸龜一樣,非常契合棲地特有的環境和食物,所以要養殖野生個體是比較困難的.此外,牠們也很容易感染黴漿菌引起的肺部疾病,致死率頗高.根據站長的經驗,這種感染的病徵並不明顯,通常只會逐漸出現拒食和活動力降低的情形,發展進程比較慢,診斷不易,大約2-3個月之間就會衰竭而死.所以最好不要與其他龜種接觸或混養以避免增加感染的機會.
　
基本上,德州地鼠陸龜的雄性成龜比較具有地域性,容易發生爭鬥,最好分隔飼養.牠們也比較不適應太小的環境,底材以沙土各50%混合比較理想,能夠提供棲身的洞穴更好,保持環境乾與熱是兩大要素.需要比較強也比較長時間的光照,不過牠們比其他地鼠陸龜更能忍受較高的溼度,因此可以放置水盆.
　
冬天氣溫低於攝氏15度時牠們會進入冬眠.不過在人工環境應該避免冬眠.在野外,牠們的食物以野草,仙人掌或是其他纖維質比較粗的耐旱植物莖葉為主食,德州地鼠陸龜也是唯一會攝食動物性餌料的地鼠龜種,如蝸牛,甲蟲或動物屍體牠們都能接受.牠們特別喜歡仙人掌的花與果實,不過野草類佔日常食物的50%以上.在人工環境中最好盡可能配合這種食物上的需求,如此可以大幅縮短適應期.
　
德州地鼠陸龜的雌雄辨別與一般陸龜相同,以尾巴為準,雄性粗大而雌性短小.雌性每窩產下2-3顆蛋,在攝氏30-31度的溫度下約80-130天可以孵化.幼龜成長快速,約5-6年就可以成熟繁殖.台灣最近也有進口一些亞成體,飼養難度會比較低,不過高達六位數的價格也讓人只能遠觀不可近玩焉.",1,2,3
印度星龜,Indian Star tortoise,  Geochelone elegans,"   印度,斯里蘭卡,巴基斯坦",   乾燥草原地帶.,   背甲15-25公分.,   攝氏24-32度.,"星龜在台灣可算是最常見的陸龜.不過大多是5公分以下的 野生幼體.由於外表的米字紋十分亮麗而且價格在陸龜中也是屬於較為平實的,所以廣受市場歡迎.成為台灣進口量最大的陸龜.每年的進口量數以千計.可惜,相對的死亡數量也極大.因為5公分以下幼龜的死亡率高達八成以上,能夠養大到成體的並不多見.
　
星龜也是象龜科(Geochelone)中最小的種類.不過牠們與豹龜 竟然是近親.依花紋的粗細又可分為印度星龜與斯里蘭卡星龜.前者星紋線條較細且頭尾粗細相同;後者線條較粗且末端會放大.米字星紋在原產地屬保護色,置身乾草叢中的星龜很難讓掠食動物發現.成龜背甲的 正常凸起十分明顯,與一般的隆背略有不同.星龜也是本科中比較需要水份的種類.所以幼龜最好能每天水浴並經常曬太陽.在食料上與豹龜相似,較需要高纖維草料或水份含量較低的蔬果類.每週可以為1-3次加有鈣粉的陸龜飼料,可以讓幼龜快速成長,儘早脫離高死亡率的尺寸.但是食物量必須精確的控制.
　
本種雌龜遠大於雄龜.雌雄的辨別容易,雄性體型較小而狹長,腹甲凹陷明顯;雌龜體型寬大,腹甲平坦.雄龜的尾巴粗大,雌龜尾巴則肥短.雌龜每年產卵2-3次,每次可產5-7顆蛋,在最適合的溫度29-30度下約100天左右可以孵化.
星龜的呼吸系統對於潮濕的環境或是過高的溼度都十分敏感,同時也因為生性膽怯,適應期比一般龜種長得多,所以幼龜最好養在室內水族箱中避免吹風也切勿與其牠陸龜混養.否則很容易引起上呼吸道感染或是緊迫.其癥狀就是流鼻水,拒食或在水中漂浮時身體不平衡會向一側傾斜.突然暴斃也是經常發生的不幸.這些都是星龜最主要的死因.
　
所以在預防感染上要特別注意.幼龜只要發病,較難承受治療,能夠康復的機率不高.只有連續水浴一週以上,水中加些人類用的電解質藥片.加強星龜自身的抵抗力或有希望恢復健康.隔離檢疫是飼養星龜不可或缺的必要措施,期間至少一個星期;同時除了水浴之外儘可能不要驚動星龜,至少在新進的適應期中要儘量避免變動環境或是同伴,有時稍微的變動或干擾都可能導致幼龜緊迫猝死.因此飼養星龜必須以最溫和的方式來協助牠們度過適應期,之後才可能順利的成長.
",1,2,3
緬甸星龜,Burmese Star tortoise,  Geochelone platynota,    緬甸全境,   乾燥森林地帶.,   背甲25-35公分.,   攝氏23-32度.,"緬甸星龜只分佈在緬甸全國各地,棲息地很分散,所以在氣候上可以適應比較大的差異,由於棲息地多臨近河岸,也比其他陸龜需要較高的濕度.
　
緬甸與中國雲南省接壤,因此緬甸星龜大多先出口到中國,大部份供應國內藥食等需求,小部份才再輸出至世界各地.目前數量已急劇減少,所以 歐洲已開始有小量養殖.市場上也已逐漸出現人工繁殖的幼龜.不過目前市面上所見仍以野生個體為主.據說在原產地野生的數量比幅射龜還要稀少.因此緬甸星龜已被列入瀕臨絕種的TOP25龜種,很可能會被改為CITES I 的保育類.
　
本種因為野生個體較多,一定要給獸醫驅除體外和體內寄生蟲.以免傳染其他龜類.緬星與印星一樣對上呼吸道感染抵抗力較差,尤其是雄龜,新進的緬星至少要隔離一週以上,觀察無異樣再混養.同時,野生龜類的龜甲外層不論是背部或腹部大多會有受損剝落的情形,只要沒有惡化,大多會自行癒合.否則就須塗以抗生素治療.
　
事實上緬星個性活潑食量也大,比較適合與蘇卡達,豹龜混養,其他龜種最好不要與緬星混養,以免造成緊迫而厭食. 緬星的胃口與食量都很好,一般蔬菜水果都是一掃而空,對水份的需求較高,必須設置水盆供飲用.如果飼養得當,緬星的生長速率不輸蘇卡達,但是發生隆背的情形並不多見.
　
本種的繁殖及幼養殖基本上可以參考豹龜,雌龜每次可產5-10顆蛋,大約三個月可以孵化.不過受精率低於五成,所以孵化率更低,可能與飼養環境有關.台灣首位繁殖緬星成功的劉醫師已將繁殖成果公佈於網站上,有興趣的龜友可以由上方的連結進入.",1,2,3
黃頭象龜(緬甸陸龜),Elongated tortoise (Burmese tortoise),  Indotestudo elongata,"   東南亞印度至泰國,馬來西亞間各國 ",   濕潤森林地帶,   背甲30公分.,   攝氏26-30度.冬天18-24度.,"覺得蘇卡達過大的人或許可以考慮黃頭象龜做為入門龜種.因為黃頭價格較低,體型更是小得多,又屬於熱帶亞洲種類,十分適合台灣的環境.不過台灣的黃頭象龜 多數來自大陸,所以需要注意龜龜的健康與進食狀況.大陸一般稱黃頭象龜為緬甸陸龜,所以容易混淆,其實都是同一龜種.但是黃頭的體型確實有兩種,正常的是狹長型,另一種則比較寬大,後者就被稱為緬甸陸龜.
　
黃頭的分佈區域很廣大,所以適應力也很強.主要生活在高濕度的柚木林中,生性溫和,比較適合混養.食性較偏向雜食性,很愛吃小蝸牛等軟體類動物.蔬菜及水果都可以餵食.牠們特別會喝水,所以水份的供應 需十分充足.牠們也不太喜歡強烈陽光,若養在室外要注意牠們日光浴的時間,超過三十分鐘以上就有可能脫水,幼龜日曬勿超過十分鐘比較好.
　
當進入繁殖期時,雌龜和雄龜的眼睛及鼻孔週圍都會呈現粉紅色澤,繁殖行為延續整個秋天到春天.雌龜每窩下5-9顆蛋,在29°C的溫度約98-134天孵化.一年中雌龜可以相繼產下3-4窩蛋.黃頭需養到 五年以上腹甲長到約17公分時才能有效繁殖.站長也在今年孵化出一批黃頭幼龜,幼龜在出生後一週開始進食,食量和食慾都很好.",1,2,3
西里貝斯陸龜,Celebes (Forsten's) tortoise,  Indotestudo forstenii,"   印尼蘇拉威西,哈馬赫拉等島嶼",   濕潤森林地帶,   背甲25公分.,   攝氏26-30度.,"
西里貝斯陸龜分佈在印尼的 蘇拉威西島(Sulawesi Island)和哈馬赫拉島(Halmahera Island)上.蘇拉威西島原本名稱是西里貝斯島,.所以西里貝斯陸龜也被稱為蘇拉威西陸龜.島上的觀光休閒業十分發達.也是主要的經濟活動.據專家研究指出,哈瑪赫拉島上的族群恐怕已經滅絕.亞洲陸龜屬Indotestudo共涵蓋了三個種類:
　
西里貝斯陸龜  Celebes tortoise          Indotestudo forstenii 分佈蘇拉威西島
查文科陸龜      Travancore tortoise        Indotestudo travancorica 分佈印度西部查文科地區.
黃頭象龜           Indotestudo elongata  Elongated tortoise 分佈中南半島西部至印度.
　
早年,西里貝斯陸龜被專家認為是印度陸龜外移到印尼的外來種,所以兩種龜其實是同一種.不過最近的基因研究顯示印度陸龜的基因與黃頭像龜反而比較接近,因此可以確認牠們是不同的來源.這三種同屬陸龜外型都很類似,其中黃頭比較好區分,因為黃頭的頭部完全沒有斑點,而且黃頭的胸盾比西里貝斯的胸盾要寬近一倍.
　
而查文科陸龜台灣相當罕見,與西里貝斯陸龜在外型上很難區分,頭部與四肢都有斑點.沒有以及來區分.同時多數的西里貝斯頭部都有黑斑而黃頭頭部是一體黃色,幾乎都沒有任何黑斑紋.彼此習性相同,都喜歡高溫多濕的環境,西里貝斯尤其喜歡浸泡在水中.對晒太陽來說倒是比較沒興趣.
　
西里貝斯陸龜屬草食性,而且偏好黃色的水果如芒果,香瓜等,也很喜歡洋菇.牠們偶而也會吃一些蟲子或蚯蚓之類的動物性食料,所以可以少量供應貓狗或魚飼料.西里貝斯陸龜個性上比較敏感膽小,所以比較容易受到壓力,是屬於需要較多照料的龜種,繁殖上也比黃頭稍難.雌龜每次可產下5-9顆蛋,在28-30°C下經過96-140天就能孵化.
　
台灣進口的西里貝斯陸龜數量很少,所以有人以黃頭混充西里貝斯,一定要分辨清楚,黃頭體型比較狹長而西里貝斯體型比較寬闊.不過整體來說,西里貝斯陸龜算是陸龜當中比較冷門的龜種,因此價格上也與黃頭相近.",1,2,3
靴腳陸龜,Burmese Mountain tortoise (Burmese Brown tortoise),  Manouria emys emys,"   印度,緬甸,泰國,馬來西亞及印尼",   熱帶雨林區域.,   背甲40-50公分.,   攝氏13-29度.,"
靴腳陸龜是世界上第四大的陸龜 .在大陸型陸龜中排名第二大,僅次於蘇卡達.也是亞洲原產第一大陸龜.可以大到60公分,重達40-50公斤.牠們不喜歡酷熱的沙漠環境.飼養這種陸龜需保持較涼爽的溫度和較高的濕度約60%-80%之間.所以台灣的氣候頗為適合,只是夏天要注意防晒與飲水的供應.
　
基本上,靴腳陸龜有兩個亞種,除了一般的棕靴腳之外,另一個亞種就是黑靴腳陸龜(Manouria emys phayrei),體型比一般棕靴腳更大上10公分左右,體色接近全黑,區別不難.食性是草食為主,一般青草蔬果等都能接受,但對動物性蛋白質的接受度比蘇卡達或豹龜高.本種陸龜與 同屬親戚的麒麟陸龜(Manouria impressa)被認為是最接近原始龜類的陸龜.最明顯的特徵就是牠們又寬又平的背甲甲盾.與一般陸龜圓凸的甲盾大不相同.
　
首次有記載的繁殖是在1978年由檀香山動物園完成的.雌龜築巢的方式十分特殊,與一般陸龜挖洞產卵完全不同.靴腳雌龜在產卵前會用後腳倒退爬行把落葉,乾草,泥土等推到定點堆成一個小土堆,再將卵產在其中,然後繼續堆砌完成.雌龜會守護巢堆7-20天之久以防其他動物侵害龜卵.這是靴腳陸龜在繁殖上很重要的一個特點.龜卵在25.6-28.9°C的溫度下約63-84天就能孵化,算是比較快的.
　
靴腳陸龜雖然體色並不十分出色,但是卻具有一種碩大粗獷的氣質,在台灣頗受歡迎.由於多數是野生個體,10公分以下的幼體十分少見.不過牠們也算是比較強健的陸龜,冬天沒有保溫的情況下也不容易生病.每年都有固定進口15公分以上的棕靴與黑靴個體,很適合喜愛大型龜類又不敢領教蘇卡達的愛好者飼養,只是在繁殖上需要比較特別的準備.
　
近年大陸地區普遍進行各種龜類繁殖,棕靴與黑靴都已經出現商業性繁殖個體上市,這對野生族群來說也算是個好消息,多少可以減少野生個體的消耗,也可以讓市場價格更為普及化.
",1,2,3
麒麟陸龜,Impressed tortoise,  Manouria impressa,"   中國雲南,廣西,緬甸,泰國,越南",   山地森林區,   背甲23-30公分,   攝氏18-28度,"　
麒麟陸龜的鼎鼎大名相信龜友們都不陌生,牠們出名不在於稀有,也不在於外型特殊,而是在於很難在人工環境中存活.大陸稱之為凹甲陸龜也算貼切.因為牠們的背甲每塊甲盾,特別是脊盾都是成凹陷狀.這項特徵在同屬的陸龜中是一项共通的特徵,與麒麟陸龜同屬的就是靴腳陸龜(Manouria emys).也因此麒麟陸龜的老成龜與棕靴腳的亞成龜外表十分近似,很容易混淆.不過也有分辨的方法,麒麟陸龜的後腿上只有一根棘刺而棕靴有好幾根.
　
不論是歐美日的動物園或是養龜專家學會等都發現很難將麒麟陸龜飼養超過一年.通常買到的個體都會因為拒食而在1-3個月內脫水衰竭而死亡.所以飼養本種龜最好挑越大的個體適應力越好,較不容易死亡.麒麟陸龜雖然分佈在東南亞各國,但是牠們的天然棲息地幾乎都是在2,000公尺左右的山林溪流週邊,環境中溼度很高,所以基本上本種龜並不適應過熱和過乾的環境,同時牠們在氣溫過低時也會進入冬眠.溫度可以說是飼養麒麟陸龜第一项要注意的重點.
　
野生個體通常以竹筍和野草為主食,因此在餵食上應該以植物性食物為主,誘食則以瓜果類和洋菇等為主.必要時也可以進行灌食.驅蟲是必需的步驟.安渡適應期的麒麟陸龜將會展現不輸緬星的大胃王本色,任何食物都是來者不拒,不過即使是已經完全適應的個體還是要定期驅蟲比較安全.",1,2,3
赫曼陸龜,Hermann's tortoise,  Testudo hermanni,"   南歐,東歐巴爾贛半島及土耳其",   草原及森林地帶.,   背甲20-28公分.,   攝氏19-27度.,"赫曼陸龜是歐洲最普遍的入門龜.也是溫帶陸龜的代表.牠們分佈於南歐地中海週圍地區,所以算是溫帶陸龜,也因此有冬眠的習慣.牠們在產地冬眠的月份是十月至次年四月.在台灣因為 冬季溫度比較高,牠們是不會真正冬眠的.倒是台灣夏季的氣溫對溫帶陸龜而言是過高的.所以夏天必須注意遮陽,降溫等措施.一般而言,溫帶陸龜在台灣一年四季都是不用保溫.否則很容易過熱脫水而進入拒食狀態導致死亡.在氣溫低於15度時可以用最基本的加溫登來保暖就夠了.
　
近年來由東歐國家如南斯拉夫及土耳其等國家每年有大量出口.前者一年可出口4萬隻赫曼至西歐英國及中歐德國等國家.其中五分之四會死亡.所以事實上,造成動物滅絕的源頭就是一些以先進國家自居的歐美大國.而非那些捕捉動物的落後國家.通常保育越進步的國家也是寵物需求量越大的國家如英,美等國.
　
赫曼屬於Testudo屬,有兩個亞種.由眼睛後方有無斑點狀的鱗片來區分.有斑點的是西部赫曼(T.h.hermanni),體型比較小,體色比較鮮明,背甲比較高聳,分佈在由西班牙到義大利西北部的地中海西半部週邊區域; 而東部赫曼(T.h.boettgeri)沒有斑點,體型比較大.背甲比較扁平,分佈在義大利南部到巴爾幹半島間的東歐地區.牠們非常聰明,很快會認得主人而且很快就會顯現固定的行為模式與習慣.本屬陸龜雌龜通常大於雄龜.兩者在尾巴尖端都有硬棘.生性活潑好動,很會挖洞,如養在院子裡,要注意防逃措施.
　
赫曼屬於較具有攻擊性的陸龜,最好不要將多隻雄龜養在一起.也不要與其牠種類的陸龜混養.赫曼以植物為主食但偶而也吃蝸牛等軟體動物.牠們要養到3-5年以上才會成年,所以養陸龜是一種很長期的嗜好.西部赫曼因為體型較小,雌龜每次產卵3顆,而東部赫曼雌龜每次可以產下5-8顆蛋,在30度左右的溫度,約56-65天就可以孵化.雄龜在繁殖期為追咬雌龜的後腿部和頭部,所以要多注意以免雌龜受傷.
　
赫曼陸龜在台灣算是最早繁殖成功的龜種之一.而與赫曼近似的歐洲陸龜,或稱希臘陸龜(Testudo gracea)亞種眾多,棲地接近,雜交的情況頗多,族群數量僅次於四趾為地中海陸龜第二大品種,許多種類外型十分類似,習性相同,很難區分.特別表列說明如下.",1,2,3
四趾陸龜 ,Russian (Horsfield's) tortoise,   Testudo horsfieldi,    中亞巴基斯坦至伊朗間各國,    砂礫沙漠及山坡地帶.,    腹甲15-20公分.,    攝氏17-26度.,"
　
四趾陸龜在美國,日本都算是入門龜種,在歐洲當然更為普遍.牠們也是族群數量最大的地中海陸龜種類.雖然是保育類動物,但是國際間的交易量仍是數以千計.源源不絕.牠們大多數來自於解體後的東歐共產國家.在1996年有5,000 隻四趾在荷蘭機場因無證明文件遭到銷毀.KLM荷蘭航空銷毀這些四趾的方式是用商用絞肉機絞碎.而同時1997年也有1,000隻四趾在瑞典機場因為相同理由,遭冷凍銷毀.雖然都遭到保育人士大加抨擊,但也可證明四趾的交易量大得驚人,而且 幾乎都是是野生的個體.
　
四趾陸龜共有兩個亞種:
T.h. kazakhstanica-- 產於哈薩克與土庫曼兩國.台灣一般市面上所見的四趾陸龜全部都屬於這個亞種,黑斑很多.
T.h. horsfieldi       -- 產於依朗,阿富汗,巴基斯坦.個體絕大多數沒有任何黑斑,也被稱為黃金四趾陸龜.
　
牠們是分佈於 歐亞大陸最北方的陸龜,所以牠們的血液中有抗凍因子可以忍受攝氏5°以下的低溫.台灣也有不少.要養得成功,必須要有較為乾燥而涼爽的環境,最好是養在1,000公尺以上的山區.牠們與赫曼一樣都是草食性.健壯的前腳上長長的趾甲加強了鑿洞的能力,也加強了攻擊力.所以四趾更適於單獨飼養.不適合混養.尤其是空間不足的情況下.混養很容易造成外傷.
　
當氣溫降到0°C以下時,四趾會進入冬眠狀態.牠們會鑽入地下能保持體溫在5°C處不食不動.當牠們的體溫昇高至10°C時就會自冬眠狀態中甦醒.新購買的陸龜千萬不能讓牠冬眠.因為牠們的體能狀態不佳而冬眠會消耗大量養份,易導致死亡.
　
在雌雄辨別上依照一般陸龜的辨別法即可,雄龜的尾巴比較粗大.雌龜每窩生2-6顆蛋,在30°C的溫度約60-75天可孵化.四趾成長速度較慢.在野生環境中,十年以上才算成年,要20-30年才能完全長成,在人工飼養下,只要一半時間就可以長成.台灣早期進口多數是野生 成體,近年來已經逐漸轉變為以幼體為主,飼養難度不高,也可以做為入門龜種飼養.
",1,2,3
緣翹陸龜,Marginated tortoise,  Testudo marginata,   希臘,   森林地帶.,   背甲25-35公分.,   攝氏19-29度.,"
緣翹陸龜是溫帶陸龜中體型最大的,不過也只略大於30公分.與熱帶陸龜比起來還是屬於中小型陸龜.牠們最特別的地方就是背甲的後緣呈扇形開展,其它陸龜都沒有類似的構造,十分獨特.這種裙狀構造在雄龜特別明顯,幼龜期則沒有.
　
這是一種適應力比較強的種類,對食物及環境的改變較不敏感.牠們的食性與一般歐州陸龜相同.只要飼養得當,繁殖就十分容易.緣翹並不喜歡喝水,所以可以供應水份含量較高的蔬果類就足夠.
　
冬眠對牠們而言只有好處沒有壞處.但是冬眠的處所要特別注意防止老鼠,蛇類等的侵入.尤其是老鼠會對陸龜造成很大的傷害.須特別留意.一般寵物店都吸引許多老鼠聚集,所以常發生老鼠將陸龜吃掉的悲劇.",1,2,3
歐洲陸龜,Spur-thighed tortoise,  Testudo graeca,   北非經中亞到東歐南歐諸國,   乾燥沙漠與草原地帶,   背甲16-20公分,   攝氏20-28度,"歐洲陸龜是台灣開放CITES II 保育類陸龜進口的先鋒,在2001年4月間率先抵台,開展了合法陸龜在台灣的歷史.雖然是最早進來的龜種,但是至今受歡迎的程度依然沒有消退.尤其是通體金黃的黃金毆陸更是颳起了一陣歐陸旋風.
　
歐洲陸龜在歐洲是最普遍的陸龜,也是入門龜種.因為牠們可以適應寒冷的溫帶氣候.也會冬眠.牠們和蘇卡達一樣,後腿上長有棘刺,這一點也是分辨歐陸與赫曼的主要依據.歐洲陸龜 因為亞種眾多,所以分佈的幅員非常廣大,雖然外型變異頗大,但是在早期的分類上主要的亞種卻只有四種:
　
T.g. graeca ----- 分佈於西班牙和北非摩洛哥,突尼西亞,利比亞,阿爾及利亞等地.
T.g. ibera,   -----分佈於巴爾幹半島到黑海間各國,土耳其,蘇俄和伊朗等地.
T.g. terrestris ---分佈於以色列,敘利亞,黎巴嫩和 約旦.
T.g.zarudnyi ----僅分佈於伊朗境內.
　
隨著越來多的新發現個體,目前已經有專家歸納出至少15個亞種之多,除了以上四種之外還有T.g.anamurensis, T.g. antakyensis, T.g. armeniaca, T.g. buxtoni, T.g. cyrenaica, T.g. floweri, T.g. nabeulensis, T.g. nikolskii, T.g. perses, T.g. soussensis, T.g. terrestris等十一種.雖然這種分類並未正式得到學術上的認可,但是由這麼多的亞種來看歐洲陸龜的確是很難分類與辨別的龜種.也難怪一直到今天還沒有人能夠完全掌握歐洲陸龜的真貌.但是至少已經有了一個比較清晰的輪廓了.
　
對一般人來說,倒是不需要去深究歐陸的真正亞種,經過專家的DNA檢驗,基本上歐陸眾多的亞種主要可以分為兩個基因截然不同的領導系群:
　
T.g. graeca系群---分佈區以非洲北部為主,飼養繁殖都比較困難.
T.g. ibera  系群---以中東與歐洲為分佈範圍.飼養繁殖都比較容易.包括黃金歐陸在內.
　
由於絕大多數歐陸的分佈區域都在環地中海週邊,所以也屬於地中海陸龜家族的一員.在地中海陸龜中僅次於四趾陸龜,是數量第二大的陸龜族群.
　
近來廣受歡迎的黃金歐陸其實就是T.g. terrestris和T.g.floweri兩個亞種,主要分佈在以色列,約旦,黎巴嫩和敘利亞等國,因為分佈區重疊,體色也十分接近,所以通常都混合出售,實際上去細分還是分得出差別的.T.g. terrestris體型較大,背甲較高圓,數量比較多;T.g. floweri體型較小,也是所有亞種中最小的一種,尾巴中央有一塊黑斑,數量比較少.全世界寵物市場上的地中海陸龜都是以約旦為主要出口國,絕大多數號稱CB的個體其實都是當地或週邊國家所採集的野生個體.另外還有一些標示東歐國家的CB個體同樣也是野生的個體.
　
即使絕大多數都是野生個體,對T.g. ibera系群的歐陸來說,在人工環境中都很能夠適應,一般蔬果食物都能接受,多數在購買當天就會進食,不需要很長的適應期.繁殖難度也不高.基本上雌性的體型大於雄性,雄性尾巴較粗大,腹甲有凹陷.只要有相配的成體,交配產卵都不是難事.由於體型較小,所以每次下的蛋在6-8顆之間.在攝氏30度孵育約60-80天可以孵化.
　
但是對於T.g. graeca系群的北非歐陸來說,飼養和繁殖難度就比較高了.因為這類歐陸對於環境和伴侶的敏感度都比較高,在人工環境繁殖成功的可能性比較低,如果環境溼度高一點就會出現流鼻水徵狀,龜性也比較膽怯,不適合與其他龜種混養.所以在購買的時候最好先問清楚是那一地區或系群的歐陸,並且挑選體色花紋都比較接近的個體,可以有效提高繁殖的成功率.雌龜產卵平均4-5顆,在30.5-31.5度之間孵育,約68-80天可以孵化.
　
由於歐洲陸龜的亞種眾多,台灣進口的個體即使是同一批龜,通常也都不是來自同一亞種或地區,所以在挑選的時後最好挑選體色花紋或特徵最接近的個體會比較有機會繁殖成功.不同亞種的歐陸通常無法交配繁殖.這市飼養歐洲陸龜必須把握的原則.",1,2,3
北非陸龜家族,North African tortoises,  Furculachelys & Testudo spp.,"   北非突尼西亞,利比亞,阿爾及利亞",   沙漠地帶,   背甲13-18公分,   攝氏22-28度.,"非洲大陸的北部是一大片荒涼的沙漠,撒哈拉沙漠.這片沙漠卻瀕臨著美麗的
海,地中海.就在這融合兩種極端的環境下,孕育出五個非洲回教國家,摩洛哥,
阿爾及利亞,突尼西亞,利比亞和埃及.同時也孕育出許多種較不為人知的陸龜,
分佈在地中海沿岸地區,站長通稱牠們為北非陸龜.
　
其中最著名的當然就是埃及陸龜(Testudo kleinmanni)和最近才由埃及陸龜獨立
出來的以色列陸龜(Testudo werneri)牠們都是列名CITES I保育的.再來就是部份
歐洲陸龜(Testudo graeca)的亞種.這兩大族群都另有單獨網頁了.在此我們就來
談談較晚近才發現定名的三種北非陸龜:
1. 突尼西亞陸龜      Tunisian tortoise   ( Furculachelys nabeulensis )
2. 利比亞陸龜           Libyan tortoise     ( Testudo flavominimaralis )
3. 阿爾及利亞陸龜  Algerian tortoise   ( Testudo whitei或Furculachelys whitei )
   
　
這些北非陸龜也承襲了歐洲陸龜在分類學上的爭議,有人把牠們歸類為歐洲陸龜的亞種,也有人把牠們獨立看待,無論如何,爭議將會持續不斷,我們就以Tortoise Trust的論點為基礎,將北非陸龜當做獨立種分類.所有的北非陸龜都有體型小的共同點,比歐洲陸龜更小.其中又以突尼西亞陸龜最小,雌性成體最大也不超過17公分.因為牠們都生長在類似的乾燥溫暖環境中,進食的植物種類也大同小異,所以飼養條件 也都差不多,但是整體來說,北非陸龜的飼養和繁殖難度可都比歐洲地區的其他Testudo屬陸龜如赫曼,四趾,緣翹等陸龜要高得多.
　
基本上,北非陸龜的飼養與一般歐陸差不多,但是有一個最大的差別是,北非陸龜並不會冬眠.牠們無法承受低於攝氏10度的氣溫,體內儲存的脂肪也不足以維持長期不進食.但是如果氣溫超過30度,牠們倒是會進入夏眠狀態.所以在台灣 的夏季中.,適當的降溫是有必要的.另外,牠們生性比較敏感,體質也不如歐洲陸 龜強健,因此不適合與其他陸龜混養,只能單種飼養,否則很容易因為適應不良或是其他龜種的壓力或潛伏病原體而導致流鼻水或是體內寄生蟲感染.
　
飼養北非陸龜以爬蟲箱會比玻璃魚缸適合,底材可以用爬蟲沙50%混合一般土壤50%約5-10公分厚.保持乾燥溫暖的環境,高溫區約28度左右,低溫區約23度.溼度保持在40-50之間,可以準備一淺盤的水 供飲用.食物以富含鈣質的葉菜類為主食.最好不要餵食飼料.
　
雌雄的辨別與歐洲陸龜類似,雄龜體型較小,尾巴較粗大;雌龜體型較大,尾巴較短.只要能保持雌雄龜穩定的環境,牠們會自然進入交配階段,交配後約2個月,雌龜會挖洞產卵.每次產卵1-2顆,可以生產2-3次.卵的孵育溫度在30-31度間約90天左右會孵化.因為北非陸龜的初生幼龜體型細小,最好將牠們放在孵蛋機中直到卵囊完全吸收後才移入養殖缸.飼養條件可以比照成龜,但是每天泡水的動作還是不能省略的.
　
台灣最進引進不少利比亞陸龜頗受歡迎.相信其他兩種很快也會跟著進入國內市場.這樣也將更能增加地中海陸龜家族的多樣性.",1,2,3